epoch,jaccard,loss
0,0.0680682405829,0.687142848969
1,0.0657968014479,0.682819980383
2,0.074208856374,0.678986930847
3,0.0760734133422,0.675096267462
4,0.0722896087915,0.670919728279
