epoch,jaccard,loss,val_jaccard,val_loss
0,0.575867605209,1.13152908484,0.663284754753,1.29307296276
1,0.528996519248,0.858698495229,0.694955778122,1.3466673851
