epoch,jaccard,loss,val_jaccard,val_loss
0,0.265546689431,0.541461114089,0.190932714939,0.644240379333
1,0.323767100771,0.430912383397,0.209910187125,0.599500417709
