epoch,jaccard,loss,val_jaccard,val_loss
0,0.159360029797,0.722862815857,0.159476158023,0.682883942127
