epoch,jaccard,loss,val_jaccard,val_loss
0,0.225001426538,0.665972443422,0.15411863178,0.707097542286
1,0.304305706422,0.505395354827,0.163869848847,0.72968941927
