epoch,jaccard,loss,val_jaccard,val_loss
0,0.159360029797,0.722862815857,0.159476158023,0.682883942127
1,0.160736107826,0.686576314767,0.157515828311,0.679287934303
