epoch,jaccard,loss,val_jaccard,val_loss
0,0.225001426538,0.665972443422,0.15411863178,0.707097542286
